{
    "device": [
        {
            "id": "1",
            "productName": "RedMi",
            "price": 5000,
            "inTheBox": "Handset, Battery, Charger, User Manual, Headset,  Guard",
            "modelNumber": "ERA-2V",
            "size": "5 inch",
            "category": "mobile",
            "color": "black",
            "touchScreen": "yes",
            "image": "http://localhost:4000/images/mobile.jpeg"
        },
        {
            "id": 2,
            "productName": "Samsung Notepad",
            "price": 70000,
            "inTheBox": "Handset, Battery, Charger, User Manual, Headset, Screen Guard",
            "modelNumber": "ERA-2V",
            "size": "9 inch",
            "category": "tablet",
            "color": "black",
            "touchScreen": "yes",
            "image": "http://localhost:4000/images/mobile.jpeg"
        },
        {
            "id": 3,
            "productName": "Ipad pro",
            "price": 70000,
            "inTheBox": "Handset, Battery, Charger, User Manual, Headset, Screen Guard",
            "modelNumber": "ERA-2V",
            "size": "11 inch",
            "category": "tablet",
            "color": "pink",
            "touchScreen": "yes",
            "image": "http://localhost:4000/images/mobile.jpeg"
        },
        {
            "id": 4,
            "productName": "MotoRola",
            "price": 70000,
            "inTheBox": "Handset, Battery, Charger, User Manual, Headset, Screen Guard",
            "modelNumber": "ERA-2V",
            "size": "11 inch",
            "category": "Mobile",
            "color": "pink",
            "touchScreen": "yes",
            "image": "http://localhost:4000/images/mobile.jpeg"
        },
        {
            "id": 5,
            "productName": "Sony",
            "price": 45000,
            "inTheBox": "Handset, Battery, Charger, User Manual, Headset, Screen Guard",
            "modelNumber": "ERA-2V",
            "size": "11 inch",
            "category": "mobile",
            "color": "pink",
            "touchScreen": "yes",
            "image": "http://localhost:4000/images/mobile.jpeg"
        },
        {
            "id": 6,
            "productName": "Dell",
            "price": 50000,
            "inTheBox": "Handset, Battery, Charger, User Manual, Headset, Screen Guard",
            "modelNumber": "ERA-2V",
            "size": "11 inch",
            "category": "Laptop",
            "color": "pink",
            "touchScreen": "yes",
            "image": "http://localhost:4000/images/mobile.jpeg"
        },
        {
            "id": 7,
            "productName": "Lenovo",
            "price": 35000,
            "inTheBox": "Handset, Battery, Charger, User Manual, Headset, Screen Guard",
            "modelNumber": "ERA-2V",
            "size": "11 inch",
            "category": "Laptop",
            "color": "pink",
            "touchScreen": "yes",
            "image": "http://localhost:4000/images/mobile.jpeg"
        },
        {
            "id": 8,
            "productName": "Hp",
            "price": 5000,
            "inTheBox": "Handset, Battery, Charger, User Manual, Headset,  Guard",
            "modelNumber": "ERA-2V",
            "size": "5 inch",
            "category": "Laptop",
            "color": "white",
            "touchScreen": "yes",
            "image": "http://localhost:4000/images/mobile.jpeg"
        },
        {
            "id": 9,
            "productName": "Lenovo",
            "price": 5000,
            "inTheBox": "Handset, Battery, Charger, User Manual, Headset,  Guard",
            "modelNumber": "ERA-2V",
            "size": "5 inch",
            "category": "Laptop",
            "color": "white",
            "touchScreen": "yes",
            "image": "http://localhost:4000/images/mobile.jpeg"
        },
        {
            "id": 10,
            "productName": "Toshiba",
            "price": 5000,
            "inTheBox": "Handset, Battery, Charger, User Manual, Headset,  Guard",
            "modelNumber": "ERA-2V",
            "size": "5 inch",
            "category": "Laptop",
            "color": "white",
            "touchScreen": "yes",
            "image": "http://localhost:4000/images/mobile.jpeg"
        }
    ]
}